CodigoNacional,momento,RRR6_Valor,Traza_Valor
330019,1/1/19 0:00,0,0
330019,1/1/19 12:00,0,0
330019,1/1/19 18:00,0,0
330019,2/1/19 0:00,0,0
330019,2/1/19 12:00,0,0
330019,2/1/19 18:00,0,0
330019,3/1/19 0:00,0,0
330019,3/1/19 12:00,0,0
330019,3/1/19 18:00,0,0
330019,4/1/19 0:00,0,0
330019,4/1/19 12:00,0,0
330019,4/1/19 18:00,0,0
330019,5/1/19 0:00,0,0
330019,5/1/19 12:00,0,0
330019,5/1/19 18:00,0,0
330019,6/1/19 0:00,0,0
330019,6/1/19 12:00,0,0
330019,6/1/19 18:00,0,0
330019,7/1/19 0:00,0,0
330019,7/1/19 12:00,0,0
330019,7/1/19 18:00,0,0
330019,8/1/19 0:00,0,0
330019,8/1/19 12:00,0,0
330019,8/1/19 18:00,0,0
330019,9/1/19 0:00,0,0
330019,9/1/19 12:00,0,0
330019,9/1/19 18:00,0,0
330019,10/1/19 0:00,0,0
330019,10/1/19 12:00,0,0
330019,10/1/19 18:00,0,0
330019,11/1/19 0:00,0,0
330019,11/1/19 12:00,0,0
330019,11/1/19 18:00,0,0
330019,12/1/19 0:00,0,0
330019,12/1/19 12:00,0,0
330019,12/1/19 18:00,0,0
330019,13-01-2019 00:00:00,0,0
330019,13-01-2019 12:00:00,0,0
330019,13-01-2019 18:00:00,0,0
330019,14-01-2019 00:00:00,0,0
330019,14-01-2019 12:00:00,0,0
330019,14-01-2019 18:00:00,0,0
330019,15-01-2019 00:00:00,0,0
330019,15-01-2019 12:00:00,0,0
330019,15-01-2019 18:00:00,0,0
330019,16-01-2019 00:00:00,0,0
330019,16-01-2019 12:00:00,0,0
330019,16-01-2019 18:00:00,0,0
330019,17-01-2019 00:00:00,0,0
330019,17-01-2019 12:00:00,0,0
330019,17-01-2019 18:00:00,0,0
330019,18-01-2019 00:00:00,0,0
330019,18-01-2019 12:00:00,0,0
330019,18-01-2019 18:00:00,0,0
330019,19-01-2019 00:00:00,0,0
330019,19-01-2019 12:00:00,0,0
330019,19-01-2019 18:00:00,0,0
330019,20-01-2019 00:00:00,0,0
330019,20-01-2019 12:00:00,0,0
330019,20-01-2019 18:00:00,0,0
330019,21-01-2019 00:00:00,0,0
330019,21-01-2019 12:00:00,0,0
330019,21-01-2019 18:00:00,0,0
330019,22-01-2019 00:00:00,0,0
330019,22-01-2019 12:00:00,0,0
330019,22-01-2019 18:00:00,0,0
330019,23-01-2019 00:00:00,0,0
330019,23-01-2019 12:00:00,0,0
330019,23-01-2019 18:00:00,0,0
330019,24-01-2019 00:00:00,0,0
330019,24-01-2019 12:00:00,0,0
330019,24-01-2019 18:00:00,0,0
330019,25-01-2019 00:00:00,0,0
330019,25-01-2019 12:00:00,0,0
330019,25-01-2019 18:00:00,0,0
330019,26-01-2019 00:00:00,0,0
330019,26-01-2019 12:00:00,0,0
330019,26-01-2019 18:00:00,0,0
330019,27-01-2019 00:00:00,0,0
330019,27-01-2019 12:00:00,0,0
330019,27-01-2019 18:00:00,0,0
330019,28-01-2019 00:00:00,0,0
330019,28-01-2019 12:00:00,0,0
330019,28-01-2019 18:00:00,0,0
330019,29-01-2019 00:00:00,0,0
330019,29-01-2019 12:00:00,0,0
330019,29-01-2019 18:00:00,0,0
330019,30-01-2019 00:00:00,0,0
330019,30-01-2019 12:00:00,0,0
330019,30-01-2019 18:00:00,0,0
330019,31-01-2019 00:00:00,0,0
330019,31-01-2019 12:00:00,0,0
330019,31-01-2019 18:00:00,0,0
330019,1/2/19 0:00,0,0
330019,1/2/19 12:00,0,0
330019,1/2/19 18:00,0,0
330019,2/2/19 0:00,0,0
330019,2/2/19 12:00,0,0
330019,2/2/19 18:00,0,0
330019,3/2/19 0:00,0,0
330019,3/2/19 12:00,0,0
330019,3/2/19 18:00,0,0
330019,4/2/19 0:00,0,0
330019,4/2/19 12:00,0,0
330019,4/2/19 18:00,0,0
330019,5/2/19 0:00,0,0
330019,5/2/19 12:00,0,0
330019,5/2/19 18:00,0,0
330019,6/2/19 0:00,0,0
330019,6/2/19 12:00,0,0
330019,6/2/19 18:00,0,0
330019,7/2/19 0:00,0,0
330019,7/2/19 12:00,0,0
330019,7/2/19 18:00,0,0
330019,8/2/19 0:00,0,0
330019,8/2/19 12:00,0,0
330019,8/2/19 18:00,0,0
330019,9/2/19 0:00,0,0
330019,9/2/19 12:00,0,0
330019,9/2/19 18:00,0,0
330019,10/2/19 0:00,0,0
330019,10/2/19 12:00,0,0
330019,10/2/19 18:00,0,0
330019,11/2/19 0:00,0,0
330019,11/2/19 12:00,0,0
330019,11/2/19 18:00,0,0
330019,12/2/19 0:00,0,0
330019,12/2/19 12:00,0,0
330019,12/2/19 18:00,0,0
330019,13-02-2019 00:00:00,0,0
330019,13-02-2019 12:00:00,0,0
330019,13-02-2019 18:00:00,0,0
330019,14-02-2019 00:00:00,0,0
330019,14-02-2019 12:00:00,0,0
330019,14-02-2019 18:00:00,0,0
330019,15-02-2019 00:00:00,0,0
330019,15-02-2019 12:00:00,0,0
330019,15-02-2019 18:00:00,0,0
330019,16-02-2019 00:00:00,0,0
330019,16-02-2019 12:00:00,0,0
330019,16-02-2019 18:00:00,0,0
330019,17-02-2019 00:00:00,0,0
330019,17-02-2019 12:00:00,0,0
330019,17-02-2019 18:00:00,0,0
330019,18-02-2019 00:00:00,0,0
330019,18-02-2019 12:00:00,0,0
330019,18-02-2019 18:00:00,0,0
330019,19-02-2019 00:00:00,0,0
330019,19-02-2019 12:00:00,0,0
330019,19-02-2019 18:00:00,0,0
330019,20-02-2019 00:00:00,0,0
330019,20-02-2019 12:00:00,0,0
330019,20-02-2019 18:00:00,0,0
330019,21-02-2019 00:00:00,0,0
330019,21-02-2019 12:00:00,0,0
330019,21-02-2019 18:00:00,0,0
330019,22-02-2019 00:00:00,0,0
330019,22-02-2019 12:00:00,0,0
330019,22-02-2019 18:00:00,,0
330019,23-02-2019 00:00:00,0,0
330019,23-02-2019 12:00:00,0,0
330019,23-02-2019 18:00:00,0,0
330019,24-02-2019 00:00:00,0,0
330019,24-02-2019 12:00:00,0,0
330019,24-02-2019 18:00:00,0,0
330019,25-02-2019 00:00:00,0,0
330019,25-02-2019 12:00:00,0,0
330019,25-02-2019 18:00:00,0,0
330019,26-02-2019 00:00:00,0,0
330019,26-02-2019 12:00:00,0,0
330019,26-02-2019 18:00:00,0,0
330019,27-02-2019 00:00:00,0,0
330019,27-02-2019 12:00:00,0,0
330019,27-02-2019 18:00:00,0,0
330019,28-02-2019 00:00:00,0,0
330019,28-02-2019 12:00:00,0,0
330019,28-02-2019 18:00:00,0,0
330019,1/3/19 0:00,0,0
330019,1/3/19 12:00,0,0
330019,1/3/19 18:00,0,0
330019,2/3/19 0:00,0,0
330019,2/3/19 12:00,0,0
330019,2/3/19 18:00,0,0
330019,3/3/19 0:00,0,0
330019,3/3/19 12:00,0,0
330019,3/3/19 18:00,0,0
330019,4/3/19 0:00,0,0
330019,4/3/19 12:00,0,0
330019,4/3/19 18:00,0,0
330019,5/3/19 0:00,0,0
330019,5/3/19 12:00,0,0
330019,5/3/19 18:00,0,0
330019,6/3/19 0:00,,0
330019,6/3/19 12:00,0,0
330019,6/3/19 18:00,0,0
330019,7/3/19 0:00,0,0
330019,7/3/19 12:00,0,0
330019,7/3/19 18:00,0,0
330019,8/3/19 0:00,0,0
330019,8/3/19 12:00,0,0
330019,8/3/19 18:00,0,0
330019,9/3/19 0:00,0,0
330019,9/3/19 12:00,0,0
330019,9/3/19 18:00,0,0
330019,10/3/19 0:00,0,0
330019,10/3/19 12:00,0,0
330019,10/3/19 18:00,0,0
330019,11/3/19 0:00,0,0
330019,11/3/19 12:00,0,0
330019,11/3/19 18:00,0,0
330019,12/3/19 0:00,0,0
330019,12/3/19 12:00,0,0
330019,12/3/19 18:00,0,0
330019,13-03-2019 00:00:00,0,0
330019,13-03-2019 12:00:00,0,0
330019,13-03-2019 18:00:00,0,0
330019,14-03-2019 00:00:00,0,0
330019,14-03-2019 12:00:00,0,0
330019,14-03-2019 18:00:00,0,0
330019,15-03-2019 00:00:00,0,0
330019,15-03-2019 12:00:00,0,0
330019,15-03-2019 18:00:00,0,0
330019,16-03-2019 00:00:00,0,0
330019,16-03-2019 12:00:00,0,0
330019,16-03-2019 18:00:00,0,0
330019,17-03-2019 00:00:00,0,0
330019,17-03-2019 12:00:00,0,0
330019,17-03-2019 18:00:00,0,0
330019,18-03-2019 00:00:00,,0
330019,18-03-2019 12:00:00,0,0
330019,18-03-2019 18:00:00,0,0
330019,19-03-2019 00:00:00,0,0
330019,19-03-2019 12:00:00,0,0
330019,19-03-2019 18:00:00,0,0
330019,20-03-2019 00:00:00,0,0
330019,20-03-2019 12:00:00,0,0
330019,20-03-2019 18:00:00,0,0
330019,21-03-2019 00:00:00,0,0
330019,21-03-2019 12:00:00,0,0
330019,21-03-2019 18:00:00,0,0
330019,22-03-2019 00:00:00,,0
330019,22-03-2019 12:00:00,0,0
330019,22-03-2019 18:00:00,0,0
330019,23-03-2019 00:00:00,0,0
330019,23-03-2019 12:00:00,0,0
330019,23-03-2019 18:00:00,0,0
330019,24-03-2019 00:00:00,0,0
330019,24-03-2019 12:00:00,0,0
330019,24-03-2019 18:00:00,0,0
330019,25-03-2019 00:00:00,0,0
330019,25-03-2019 12:00:00,0,0
330019,25-03-2019 18:00:00,0,0
330019,26-03-2019 00:00:00,,0
330019,26-03-2019 12:00:00,0,0
330019,26-03-2019 18:00:00,0,0
330019,27-03-2019 00:00:00,0,0
330019,27-03-2019 12:00:00,0,0
330019,27-03-2019 18:00:00,0,0
330019,28-03-2019 00:00:00,0,0
330019,28-03-2019 12:00:00,0,0
330019,28-03-2019 18:00:00,0,0
330019,29-03-2019 00:00:00,0,0
330019,29-03-2019 12:00:00,0,0
330019,29-03-2019 18:00:00,0,0
330019,30-03-2019 00:00:00,0,0
330019,30-03-2019 12:00:00,0,0
330019,30-03-2019 18:00:00,0,0
330019,31-03-2019 00:00:00,0,0
330019,31-03-2019 12:00:00,2,0
330019,31-03-2019 18:00:00,0,0
330019,1/4/19 0:00,0,0
330019,1/4/19 12:00,0,0
330019,1/4/19 18:00,0,0
330019,2/4/19 0:00,0,0
330019,2/4/19 12:00,0,0
330019,2/4/19 18:00,0,0
330019,3/4/19 0:00,0,0
330019,3/4/19 12:00,0,0
330019,3/4/19 18:00,0,0
330019,4/4/19 0:00,,0
330019,4/4/19 12:00,0,0
330019,4/4/19 18:00,0,0
330019,5/4/19 0:00,0,0
330019,5/4/19 12:00,0,0
330019,5/4/19 18:00,0,0
330019,6/4/19 0:00,0,0
330019,6/4/19 12:00,0,0
330019,6/4/19 18:00,0,0
330019,7/4/19 0:00,0,0
330019,7/4/19 12:00,0,0
330019,7/4/19 18:00,0,0
330019,8/4/19 0:00,,0
330019,8/4/19 12:00,0,0
330019,8/4/19 18:00,0,0
330019,9/4/19 0:00,0,0
330019,9/4/19 12:00,0,0
330019,9/4/19 18:00,0,0
330019,10/4/19 0:00,0,0
330019,10/4/19 12:00,0,0
330019,10/4/19 18:00,0,0
330019,11/4/19 0:00,,0
330019,11/4/19 12:00,0,0
330019,11/4/19 18:00,0,0
330019,12/4/19 0:00,0,0
330019,12/4/19 12:00,0,0
330019,12/4/19 18:00,0,0
330019,13-04-2019 00:00:00,0,0
330019,13-04-2019 12:00:00,0,0
330019,13-04-2019 18:00:00,0,0
330019,14-04-2019 00:00:00,0,0
330019,14-04-2019 12:00:00,0,0
330019,14-04-2019 18:00:00,0,0
330019,15-04-2019 00:00:00,0,0
330019,15-04-2019 12:00:00,0,0
330019,15-04-2019 18:00:00,0,0
330019,16-04-2019 00:00:00,0,0
330019,16-04-2019 12:00:00,0,0
330019,16-04-2019 18:00:00,0,0
330019,17-04-2019 00:00:00,0,0
330019,17-04-2019 12:00:00,0,0
330019,17-04-2019 18:00:00,0,0
330019,18-04-2019 00:00:00,0,0
330019,18-04-2019 12:00:00,0,0
330019,18-04-2019 18:00:00,0,0
330019,19-04-2019 00:00:00,0,0
330019,19-04-2019 12:00:00,0,0
330019,19-04-2019 18:00:00,0,0
330019,20-04-2019 00:00:00,0,0
330019,20-04-2019 12:00:00,0,0
330019,20-04-2019 18:00:00,0,0
330019,21-04-2019 00:00:00,0,0
330019,21-04-2019 12:00:00,0,0
330019,21-04-2019 18:00:00,0,0
330019,22-04-2019 00:00:00,0,0
330019,22-04-2019 12:00:00,0,0
330019,22-04-2019 18:00:00,0,0
330019,23-04-2019 00:00:00,,0
330019,23-04-2019 12:00:00,0,0
330019,23-04-2019 18:00:00,0,0
330019,24-04-2019 00:00:00,0,0
330019,24-04-2019 12:00:00,0,0
330019,24-04-2019 18:00:00,0,0
330019,25-04-2019 00:00:00,,0
330019,25-04-2019 12:00:00,0,0
330019,25-04-2019 18:00:00,0,0
330019,26-04-2019 00:00:00,0,0
330019,26-04-2019 12:00:00,0,0
330019,26-04-2019 18:00:00,0,0
330019,27-04-2019 00:00:00,0,0
330019,27-04-2019 12:00:00,0,0
330019,27-04-2019 18:00:00,0,0
330019,28-04-2019 00:00:00,0,0
330019,28-04-2019 12:00:00,0,0
330019,28-04-2019 18:00:00,0,0
330019,29-04-2019 00:00:00,0,0
330019,29-04-2019 12:00:00,0,0
330019,29-04-2019 18:00:00,0,0
330019,30-04-2019 00:00:00,0,0
330019,30-04-2019 12:00:00,0,0
330019,30-04-2019 18:00:00,0,0
330019,1/5/19 0:00,0,0
330019,1/5/19 12:00,0,0
330019,1/5/19 18:00,0,0
330019,2/5/19 0:00,0,0
330019,2/5/19 12:00,0,0
330019,2/5/19 18:00,0,0
330019,3/5/19 0:00,0,0
330019,3/5/19 12:00,0,0
330019,3/5/19 18:00,0,0
330019,4/5/19 0:00,0,0
330019,4/5/19 12:00,0,0
330019,4/5/19 18:00,0,0
330019,5/5/19 0:00,0,0
330019,5/5/19 12:00,0,0
330019,5/5/19 18:00,0,0
330019,6/5/19 0:00,0,0
330019,6/5/19 12:00,0,0
330019,6/5/19 18:00,0,0
330019,7/5/19 0:00,0,0
330019,7/5/19 12:00,0,0
330019,7/5/19 18:00,0,0
330019,8/5/19 0:00,0,0
330019,8/5/19 12:00,0,0
330019,8/5/19 18:00,0,0
330019,9/5/19 0:00,0,0
330019,9/5/19 12:00,0.2,0
330019,9/5/19 18:00,0,0
330019,10/5/19 0:00,0,0
330019,10/5/19 12:00,0,0
330019,10/5/19 18:00,0,0
330019,11/5/19 0:00,,0
330019,11/5/19 12:00,0,0
330019,11/5/19 18:00,0,0
330019,12/5/19 0:00,,0
330019,12/5/19 12:00,0,0
330019,12/5/19 18:00,0,0
330019,13-05-2019 00:00:00,0,0
330019,13-05-2019 12:00:00,0,0
330019,13-05-2019 18:00:00,0,0
330019,14-05-2019 00:00:00,0,0
330019,14-05-2019 12:00:00,0,0
330019,14-05-2019 18:00:00,0,0
330019,15-05-2019 00:00:00,0,0
330019,15-05-2019 12:00:00,0,0
330019,15-05-2019 18:00:00,0,0
330019,16-05-2019 00:00:00,0,0
330019,16-05-2019 12:00:00,0,0
330019,16-05-2019 18:00:00,0,0
330019,17-05-2019 00:00:00,0,0
330019,17-05-2019 12:00:00,0,0
330019,17-05-2019 18:00:00,0,0
330019,18-05-2019 00:00:00,0,0
330019,18-05-2019 12:00:00,0,1
330019,18-05-2019 18:00:00,0,0
330019,19-05-2019 00:00:00,0,0
330019,19-05-2019 12:00:00,0,0
330019,19-05-2019 18:00:00,0,0
330019,20-05-2019 00:00:00,0,0
330019,20-05-2019 12:00:00,0,0
330019,20-05-2019 18:00:00,0,0
330019,21-05-2019 00:00:00,0,0
330019,21-05-2019 12:00:00,0,0
330019,21-05-2019 18:00:00,0,0
330019,22-05-2019 00:00:00,0,0
330019,22-05-2019 12:00:00,0,0
330019,22-05-2019 18:00:00,0,0
330019,23-05-2019 00:00:00,0,0
330019,23-05-2019 12:00:00,0,0
330019,23-05-2019 18:00:00,0,0
330019,24-05-2019 00:00:00,0,0
330019,24-05-2019 12:00:00,0,0
330019,24-05-2019 18:00:00,0,0
330019,25-05-2019 00:00:00,0,0
330019,25-05-2019 12:00:00,0,0
330019,25-05-2019 18:00:00,0,0
330019,26-05-2019 00:00:00,,0
330019,26-05-2019 12:00:00,0,0
330019,26-05-2019 18:00:00,0,0
330019,27-05-2019 00:00:00,0,0
330019,27-05-2019 12:00:00,0,0
330019,27-05-2019 18:00:00,0,0
330019,28-05-2019 00:00:00,,0
330019,28-05-2019 12:00:00,0,0
330019,28-05-2019 18:00:00,0,0
330019,29-05-2019 00:00:00,0,0
330019,29-05-2019 12:00:00,0,1
330019,29-05-2019 18:00:00,0.2,0
330019,30-05-2019 00:00:00,,0
330019,30-05-2019 12:00:00,1.3,0
330019,30-05-2019 18:00:00,0,0
330019,31-05-2019 00:00:00,0,1
330019,31-05-2019 12:00:00,6.5,0
330019,31-05-2019 18:00:00,0.5,0
330019,1/6/19 0:00,0,0
330019,1/6/19 12:00,0,0
330019,1/6/19 18:00,0,0
330019,2/6/19 0:00,0,0
330019,2/6/19 12:00,0,0
330019,2/6/19 18:00,0,0
330019,3/6/19 0:00,0,0
330019,3/6/19 12:00,0,0
330019,3/6/19 18:00,0,0
330019,4/6/19 0:00,,0
330019,4/6/19 12:00,0,0
330019,4/6/19 18:00,0,0
330019,5/6/19 0:00,0,0
330019,5/6/19 12:00,0,0
330019,5/6/19 18:00,0,0
330019,6/6/19 0:00,0,0
330019,6/6/19 12:00,0,0
330019,6/6/19 18:00,0,0
330019,7/6/19 0:00,0,0
330019,7/6/19 12:00,0,0
330019,7/6/19 18:00,0,0
330019,8/6/19 0:00,0,0
330019,8/6/19 12:00,0,0
330019,8/6/19 18:00,0,0
330019,9/6/19 0:00,0,0
330019,9/6/19 12:00,0,0
330019,9/6/19 18:00,0,0
330019,10/6/19 0:00,0,0
330019,10/6/19 12:00,0,0
330019,10/6/19 18:00,0,0
330019,11/6/19 0:00,,0
330019,11/6/19 12:00,0,0
330019,11/6/19 18:00,0,0
330019,12/6/19 0:00,0,0
330019,12/6/19 12:00,0,0
330019,12/6/19 18:00,0,0
330019,13-06-2019 00:00:00,0,0
330019,13-06-2019 12:00:00,6.9,0
330019,13-06-2019 18:00:00,13.4,0
330019,14-06-2019 00:00:00,0,0
330019,14-06-2019 12:00:00,3,0
330019,14-06-2019 18:00:00,0,0
330019,15-06-2019 00:00:00,0,0
330019,15-06-2019 12:00:00,5.9,0
330019,15-06-2019 18:00:00,0.2,0
330019,16-06-2019 00:00:00,,0
330019,16-06-2019 12:00:00,0,0
330019,16-06-2019 18:00:00,0,0
330019,17-06-2019 00:00:00,0,0
330019,17-06-2019 12:00:00,0,0
330019,17-06-2019 18:00:00,0,0
330019,18-06-2019 00:00:00,,0
330019,18-06-2019 12:00:00,0.5,0
330019,18-06-2019 18:00:00,0,0
330019,19-06-2019 00:00:00,0,0
330019,19-06-2019 12:00:00,0,0
330019,19-06-2019 18:00:00,0,0
330019,20-06-2019 00:00:00,0,0
330019,20-06-2019 12:00:00,0,0
330019,20-06-2019 18:00:00,0,0
330019,21-06-2019 00:00:00,0,0
330019,21-06-2019 12:00:00,0,0
330019,21-06-2019 18:00:00,0,0
330019,22-06-2019 00:00:00,0,0
330019,22-06-2019 12:00:00,0,0
330019,22-06-2019 18:00:00,0,0
330019,23-06-2019 00:00:00,0,0
330019,23-06-2019 12:00:00,0,0
330019,23-06-2019 18:00:00,0,0
330019,24-06-2019 00:00:00,0,0
330019,24-06-2019 12:00:00,0,0
330019,24-06-2019 18:00:00,0,0
330019,25-06-2019 00:00:00,0,0
330019,25-06-2019 12:00:00,13,0
330019,25-06-2019 18:00:00,0,0
330019,26-06-2019 00:00:00,0,0
330019,26-06-2019 12:00:00,0,0
330019,26-06-2019 18:00:00,0,0
330019,27-06-2019 00:00:00,0,0
330019,27-06-2019 12:00:00,0,0
330019,27-06-2019 18:00:00,0,0
330019,28-06-2019 00:00:00,,0
330019,28-06-2019 12:00:00,0,0
330019,28-06-2019 18:00:00,0,0
330019,29-06-2019 00:00:00,,0
330019,29-06-2019 12:00:00,14.5,0
330019,29-06-2019 18:00:00,0.7,0
330019,30-06-2019 00:00:00,0,0
330019,30-06-2019 12:00:00,4,0
330019,30-06-2019 18:00:00,0,0
330019,1/7/19 0:00,0,0
330019,1/7/19 12:00,0,0
330019,1/7/19 18:00,0,0
330019,2/7/19 0:00,0,0
330019,2/7/19 12:00,0,0
330019,2/7/19 18:00,0,0
330019,3/7/19 0:00,0,0
330019,3/7/19 12:00,0,0
330019,3/7/19 18:00,0,0
330019,4/7/19 0:00,,0
330019,4/7/19 12:00,0,0
330019,4/7/19 18:00,0,0
330019,5/7/19 0:00,,0
330019,5/7/19 12:00,0,0
330019,5/7/19 18:00,0,0
330019,6/7/19 0:00,0,0
330019,6/7/19 12:00,0,0
330019,6/7/19 18:00,0,0
330019,7/7/19 0:00,0,0
330019,7/7/19 12:00,0,0
330019,7/7/19 18:00,0,0
330019,8/7/19 0:00,0,0
330019,8/7/19 12:00,0,0
330019,8/7/19 18:00,0,0
330019,9/7/19 0:00,0,0
330019,9/7/19 12:00,0,0
330019,9/7/19 18:00,0,0
330019,10/7/19 0:00,0,0
330019,10/7/19 12:00,0,0
330019,10/7/19 18:00,0,0
330019,11/7/19 0:00,0,0
330019,11/7/19 12:00,0,0
330019,11/7/19 18:00,0,0
330019,12/7/19 0:00,,0
330019,12/7/19 12:00,0,0
330019,12/7/19 18:00,0,0
330019,13-07-2019 00:00:00,0,0
330019,13-07-2019 12:00:00,0,0
330019,13-07-2019 18:00:00,0,0
330019,14-07-2019 00:00:00,,0
330019,14-07-2019 12:00:00,0,0
330019,14-07-2019 18:00:00,0,0
330019,15-07-2019 00:00:00,0,0
330019,15-07-2019 12:00:00,0,0
330019,15-07-2019 18:00:00,0,0
330019,16-07-2019 00:00:00,,0
330019,16-07-2019 12:00:00,0,0
330019,16-07-2019 18:00:00,0,0
330019,17-07-2019 00:00:00,0,0
330019,17-07-2019 12:00:00,0,0
330019,17-07-2019 18:00:00,0,0
330019,18-07-2019 00:00:00,0,0
330019,18-07-2019 12:00:00,0,0
330019,18-07-2019 18:00:00,0,0
330019,19-07-2019 00:00:00,0,0
330019,19-07-2019 12:00:00,0,0
330019,19-07-2019 18:00:00,0,0
330019,20-07-2019 00:00:00,0,0
330019,20-07-2019 12:00:00,0,0
330019,20-07-2019 18:00:00,0,0
330019,21-07-2019 00:00:00,,0
330019,21-07-2019 12:00:00,0,0
330019,21-07-2019 18:00:00,3.1,0
330019,22-07-2019 00:00:00,0,0
330019,22-07-2019 12:00:00,12.7,0
330019,22-07-2019 18:00:00,0,0
330019,23-07-2019 00:00:00,0,0
330019,23-07-2019 12:00:00,0,0
330019,23-07-2019 18:00:00,0,0
330019,24-07-2019 00:00:00,0,0
330019,24-07-2019 12:00:00,0,0
330019,24-07-2019 18:00:00,0,0
330019,25-07-2019 00:00:00,,0
330019,25-07-2019 12:00:00,0,0
330019,25-07-2019 18:00:00,0,0
330019,26-07-2019 00:00:00,,0
330019,26-07-2019 12:00:00,0,0
330019,26-07-2019 18:00:00,0,0
330019,27-07-2019 00:00:00,0,0
330019,27-07-2019 12:00:00,0,0
330019,27-07-2019 18:00:00,0,0
330019,28-07-2019 00:00:00,,0
330019,28-07-2019 12:00:00,0,0
330019,28-07-2019 18:00:00,0,0
330019,29-07-2019 00:00:00,0,0
330019,29-07-2019 12:00:00,0.8,0
330019,29-07-2019 18:00:00,0,0
330019,30-07-2019 00:00:00,0,0
330019,30-07-2019 12:00:00,0,0
330019,30-07-2019 18:00:00,0,0
330019,31-07-2019 00:00:00,,0
330019,31-07-2019 12:00:00,0,0
330019,31-07-2019 18:00:00,0,0
330019,1/8/19 0:00,0,0
330019,1/8/19 12:00,0,0
330019,1/8/19 18:00,0,0
330019,2/8/19 0:00,,0
330019,2/8/19 12:00,0,0
330019,2/8/19 18:00,0,0
330019,3/8/19 0:00,0,0
330019,3/8/19 12:00,0,0
330019,3/8/19 18:00,0,0
330019,4/8/19 0:00,0,0
330019,4/8/19 12:00,0,0
330019,4/8/19 18:00,0,0
330019,5/8/19 0:00,,0
330019,5/8/19 12:00,0,0
330019,5/8/19 18:00,0,0
330019,6/8/19 0:00,0,0
330019,6/8/19 12:00,0,0
330019,6/8/19 18:00,0,0
330019,7/8/19 0:00,,0
330019,7/8/19 12:00,0,0
330019,7/8/19 18:00,0,0
330019,8/8/19 0:00,0,0
330019,8/8/19 12:00,0,0
330019,8/8/19 18:00,0,0
330019,9/8/19 0:00,0,0
330019,9/8/19 12:00,0,0
330019,9/8/19 18:00,0,0
330019,10/8/19 0:00,0,0
330019,10/8/19 12:00,0,0
330019,10/8/19 18:00,0,0
330019,11/8/19 0:00,,0
330019,11/8/19 12:00,0,0
330019,11/8/19 18:00,0,0
330019,12/8/19 0:00,0,0
330019,12/8/19 12:00,0,0
330019,12/8/19 18:00,0,0
330019,13-08-2019 00:00:00,0,0
330019,13-08-2019 12:00:00,0,0
330019,13-08-2019 18:00:00,0,0
330019,14-08-2019 00:00:00,0,0
330019,14-08-2019 12:00:00,0,0
330019,14-08-2019 18:00:00,0,0
330019,15-08-2019 00:00:00,,0
330019,15-08-2019 12:00:00,0,0
330019,15-08-2019 18:00:00,0,0
330019,16-08-2019 00:00:00,0,0
330019,16-08-2019 12:00:00,0,0
330019,16-08-2019 18:00:00,0,0
330019,17-08-2019 00:00:00,,0
330019,17-08-2019 12:00:00,0,0
330019,17-08-2019 18:00:00,0,0
330019,18-08-2019 00:00:00,0,0
330019,18-08-2019 12:00:00,0,0
330019,18-08-2019 18:00:00,0,0
330019,19-08-2019 00:00:00,,0
330019,19-08-2019 12:00:00,0,0
330019,19-08-2019 18:00:00,0,0
330019,20-08-2019 00:00:00,0,0
330019,20-08-2019 12:00:00,0,0
330019,20-08-2019 18:00:00,0,0
330019,21-08-2019 00:00:00,0,0
330019,21-08-2019 12:00:00,0,0
330019,21-08-2019 18:00:00,0,0
330019,22-08-2019 00:00:00,0,0
330019,22-08-2019 12:00:00,0,0
330019,22-08-2019 18:00:00,0,0
330019,23-08-2019 00:00:00,,0
330019,23-08-2019 12:00:00,0,0
330019,23-08-2019 18:00:00,0,0
330019,24-08-2019 00:00:00,0,0
330019,24-08-2019 12:00:00,0,0
330019,24-08-2019 18:00:00,0,0
330019,25-08-2019 00:00:00,0,0
330019,25-08-2019 12:00:00,0,0
330019,25-08-2019 18:00:00,0,0
330019,26-08-2019 00:00:00,0,0
330019,26-08-2019 12:00:00,0,0
330019,26-08-2019 18:00:00,0,0
330019,27-08-2019 00:00:00,,0
330019,27-08-2019 12:00:00,0,0
330019,27-08-2019 18:00:00,0,0
330019,28-08-2019 00:00:00,0,0
330019,28-08-2019 12:00:00,0,0
330019,28-08-2019 18:00:00,0,0
330019,29-08-2019 00:00:00,0,0
330019,29-08-2019 12:00:00,0,0
330019,29-08-2019 18:00:00,0,0
330019,30-08-2019 00:00:00,,0
330019,30-08-2019 12:00:00,0,0
330019,30-08-2019 18:00:00,0,0
330019,31-08-2019 00:00:00,0,0
330019,31-08-2019 12:00:00,0,0
330019,31-08-2019 18:00:00,0,0
330019,1/9/19 0:00,,0
330019,1/9/19 12:00,0,0
330019,1/9/19 18:00,0,0
330019,2/9/19 0:00,,0
330019,2/9/19 12:00,0,0
330019,2/9/19 18:00,,0
330019,3/9/19 0:00,0,0
330019,3/9/19 12:00,0,0
330019,3/9/19 18:00,0,0
330019,4/9/19 0:00,0,0
330019,4/9/19 12:00,0,0
330019,4/9/19 18:00,0,0
330019,5/9/19 0:00,0,0
330019,5/9/19 12:00,0,0
330019,5/9/19 18:00,0,0
330019,6/9/19 0:00,0,0
330019,6/9/19 12:00,0,0
330019,6/9/19 18:00,0,0
330019,7/9/19 0:00,0,0
330019,7/9/19 12:00,0,0
330019,7/9/19 18:00,0,0
330019,8/9/19 0:00,0,0
330019,8/9/19 12:00,0,0
330019,8/9/19 18:00,0,0
330019,9/9/19 0:00,0,0
330019,9/9/19 12:00,0.2,0
330019,9/9/19 18:00,0.2,0
330019,10/9/19 0:00,0,0
330019,10/9/19 12:00,2.7,0
330019,10/9/19 18:00,0,0
330019,11/9/19 0:00,0,0
330019,11/9/19 12:00,1.4,0
330019,11/9/19 18:00,0,0
330019,12/9/19 0:00,0,0
330019,12/9/19 12:00,0,0
330019,12/9/19 18:00,0,0
330019,13-09-2019 00:00:00,0,0
330019,13-09-2019 12:00:00,0,0
330019,13-09-2019 18:00:00,0,0
330019,14-09-2019 00:00:00,0,0
330019,14-09-2019 12:00:00,0,0
330019,14-09-2019 18:00:00,0,0
330019,15-09-2019 00:00:00,0,0
330019,15-09-2019 12:00:00,0,0
330019,15-09-2019 18:00:00,0,0
330019,16-09-2019 00:00:00,0,0
330019,16-09-2019 12:00:00,0,0
330019,16-09-2019 18:00:00,0,0
330019,17-09-2019 00:00:00,0,0
330019,17-09-2019 12:00:00,0,0
330019,17-09-2019 18:00:00,0,0
330019,18-09-2019 00:00:00,0,0
330019,18-09-2019 12:00:00,0,0
330019,18-09-2019 18:00:00,0,0
330019,19-09-2019 00:00:00,0,0
330019,19-09-2019 12:00:00,0,0
330019,19-09-2019 18:00:00,0,0
330019,20-09-2019 00:00:00,0,0
330019,20-09-2019 12:00:00,0,0
330019,20-09-2019 18:00:00,0,0
330019,21-09-2019 00:00:00,0,0
330019,21-09-2019 12:00:00,0,0
330019,21-09-2019 18:00:00,0,0
330019,22-09-2019 00:00:00,0,0
330019,22-09-2019 12:00:00,0,0
330019,22-09-2019 18:00:00,0,0
330019,23-09-2019 00:00:00,0,0
330019,23-09-2019 12:00:00,0,0
330019,23-09-2019 18:00:00,0,0
330019,24-09-2019 00:00:00,0,0
330019,24-09-2019 12:00:00,0,0
330019,24-09-2019 18:00:00,0,0
330019,25-09-2019 00:00:00,0,0
330019,25-09-2019 12:00:00,0,0
330019,25-09-2019 18:00:00,0,0
330019,26-09-2019 00:00:00,0,0
330019,26-09-2019 12:00:00,0,0
330019,26-09-2019 18:00:00,0,0
330019,27-09-2019 00:00:00,,0
330019,27-09-2019 12:00:00,0,0
330019,27-09-2019 18:00:00,0,0